{
  "hash": "4e3cf32f",
  "configHash": "f4351a1e",
  "lockfileHash": "2e654cdc",
  "browserHash": "2f2c56d4",
  "optimized": {
    "@angular/cdk/bidi": {
      "src": "../../../../../../node_modules/@angular/cdk/fesm2022/bidi.mjs",
      "file": "@angular_cdk_bidi.js",
      "fileHash": "09ca5de3",
      "needsInterop": false
    },
    "@angular/common": {
      "src": "../../../../../../node_modules/@angular/common/fesm2022/common.mjs",
      "file": "@angular_common.js",
      "fileHash": "84af1cab",
      "needsInterop": false
    },
    "@angular/common/http": {
      "src": "../../../../../../node_modules/@angular/common/fesm2022/http.mjs",
      "file": "@angular_common_http.js",
      "fileHash": "ef9a3208",
      "needsInterop": false
    },
    "@angular/core": {
      "src": "../../../../../../node_modules/@angular/core/fesm2022/core.mjs",
      "file": "@angular_core.js",
      "fileHash": "3ef9056d",
      "needsInterop": false
    },
    "@angular/forms": {
      "src": "../../../../../../node_modules/@angular/forms/fesm2022/forms.mjs",
      "file": "@angular_forms.js",
      "fileHash": "3a5973aa",
      "needsInterop": false
    },
    "@angular/material/bottom-sheet": {
      "src": "../../../../../../node_modules/@angular/material/fesm2022/bottom-sheet.mjs",
      "file": "@angular_material_bottom-sheet.js",
      "fileHash": "cb03dd32",
      "needsInterop": false
    },
    "@angular/material/button": {
      "src": "../../../../../../node_modules/@angular/material/fesm2022/button.mjs",
      "file": "@angular_material_button.js",
      "fileHash": "11219dfe",
      "needsInterop": false
    },
    "@angular/material/icon": {
      "src": "../../../../../../node_modules/@angular/material/fesm2022/icon.mjs",
      "file": "@angular_material_icon.js",
      "fileHash": "2f02ed54",
      "needsInterop": false
    },
    "@angular/material/radio": {
      "src": "../../../../../../node_modules/@angular/material/fesm2022/radio.mjs",
      "file": "@angular_material_radio.js",
      "fileHash": "c950e761",
      "needsInterop": false
    },
    "@angular/material/slide-toggle": {
      "src": "../../../../../../node_modules/@angular/material/fesm2022/slide-toggle.mjs",
      "file": "@angular_material_slide-toggle.js",
      "fileHash": "4605f1a0",
      "needsInterop": false
    },
    "@angular/platform-browser": {
      "src": "../../../../../../node_modules/@angular/platform-browser/fesm2022/platform-browser.mjs",
      "file": "@angular_platform-browser.js",
      "fileHash": "b6aeda2a",
      "needsInterop": false
    },
    "@angular/router": {
      "src": "../../../../../../node_modules/@angular/router/fesm2022/router.mjs",
      "file": "@angular_router.js",
      "fileHash": "eb21e4fc",
      "needsInterop": false
    },
    "@ngxs/devtools-plugin": {
      "src": "../../../../../../node_modules/@ngxs/devtools-plugin/fesm2022/ngxs-devtools-plugin.mjs",
      "file": "@ngxs_devtools-plugin.js",
      "fileHash": "ae7abd28",
      "needsInterop": false
    },
    "@ngxs/form-plugin": {
      "src": "../../../../../../node_modules/@ngxs/form-plugin/fesm2022/ngxs-form-plugin.mjs",
      "file": "@ngxs_form-plugin.js",
      "fileHash": "1c954dc7",
      "needsInterop": false
    },
    "@ngxs/router-plugin": {
      "src": "../../../../../../node_modules/@ngxs/router-plugin/fesm2022/ngxs-router-plugin.mjs",
      "file": "@ngxs_router-plugin.js",
      "fileHash": "428c43e1",
      "needsInterop": false
    },
    "@ngxs/storage-plugin": {
      "src": "../../../../../../node_modules/@ngxs/storage-plugin/fesm2022/ngxs-storage-plugin.mjs",
      "file": "@ngxs_storage-plugin.js",
      "fileHash": "3f1a6751",
      "needsInterop": false
    },
    "@ngxs/store": {
      "src": "../../../../../../node_modules/@ngxs/store/fesm2022/ngxs-store.mjs",
      "file": "@ngxs_store.js",
      "fileHash": "e4b20c53",
      "needsInterop": false
    },
    "leaflet": {
      "src": "../../../../../../node_modules/leaflet/dist/leaflet-src.js",
      "file": "leaflet.js",
      "fileHash": "37c11766",
      "needsInterop": true
    },
    "rxjs": {
      "src": "../../../../../../node_modules/rxjs/dist/esm5/index.js",
      "file": "rxjs.js",
      "fileHash": "e4571bcb",
      "needsInterop": false
    },
    "tslib": {
      "src": "../../../../../../node_modules/tslib/tslib.es6.mjs",
      "file": "tslib.js",
      "fileHash": "86d38a31",
      "needsInterop": false
    },
    "uuid": {
      "src": "../../../../../../node_modules/uuid/dist/esm-browser/index.js",
      "file": "uuid.js",
      "fileHash": "2732231b",
      "needsInterop": false
    }
  },
  "chunks": {
    "chunk-HSYDG2TC": {
      "file": "chunk-HSYDG2TC.js"
    },
    "chunk-XHDPMLB3": {
      "file": "chunk-XHDPMLB3.js"
    },
    "chunk-NJSE4L3T": {
      "file": "chunk-NJSE4L3T.js"
    },
    "chunk-KGEOHNWH": {
      "file": "chunk-KGEOHNWH.js"
    },
    "chunk-EOCHKNAB": {
      "file": "chunk-EOCHKNAB.js"
    },
    "chunk-FPBCXZVC": {
      "file": "chunk-FPBCXZVC.js"
    },
    "chunk-FZ43UGV6": {
      "file": "chunk-FZ43UGV6.js"
    },
    "chunk-OYT6S6FO": {
      "file": "chunk-OYT6S6FO.js"
    },
    "chunk-YO5IBHEA": {
      "file": "chunk-YO5IBHEA.js"
    },
    "chunk-R35TYFVG": {
      "file": "chunk-R35TYFVG.js"
    },
    "chunk-JM4QQZCP": {
      "file": "chunk-JM4QQZCP.js"
    },
    "chunk-TVLQQDLX": {
      "file": "chunk-TVLQQDLX.js"
    },
    "chunk-5XEBW6XD": {
      "file": "chunk-5XEBW6XD.js"
    },
    "chunk-EFM3XAV6": {
      "file": "chunk-EFM3XAV6.js"
    },
    "chunk-LFHOIXTK": {
      "file": "chunk-LFHOIXTK.js"
    },
    "chunk-EQS6DRQQ": {
      "file": "chunk-EQS6DRQQ.js"
    },
    "chunk-HM5YLMWO": {
      "file": "chunk-HM5YLMWO.js"
    },
    "chunk-3OV72XIM": {
      "file": "chunk-3OV72XIM.js"
    }
  }
}