{
  "hash": "04d24a0e",
  "configHash": "e014d08d",
  "lockfileHash": "2e654cdc",
  "browserHash": "2ff97931",
  "optimized": {
    "@angular/cdk/bidi": {
      "src": "../../../../../../node_modules/@angular/cdk/fesm2022/bidi.mjs",
      "file": "@angular_cdk_bidi.js",
      "fileHash": "e65408ce",
      "needsInterop": false
    },
    "@angular/common": {
      "src": "../../../../../../node_modules/@angular/common/fesm2022/common.mjs",
      "file": "@angular_common.js",
      "fileHash": "2b008c57",
      "needsInterop": false
    },
    "@angular/common/http": {
      "src": "../../../../../../node_modules/@angular/common/fesm2022/http.mjs",
      "file": "@angular_common_http.js",
      "fileHash": "1bfb031f",
      "needsInterop": false
    },
    "@angular/core": {
      "src": "../../../../../../node_modules/@angular/core/fesm2022/core.mjs",
      "file": "@angular_core.js",
      "fileHash": "397a1722",
      "needsInterop": false
    },
    "@angular/forms": {
      "src": "../../../../../../node_modules/@angular/forms/fesm2022/forms.mjs",
      "file": "@angular_forms.js",
      "fileHash": "a673660a",
      "needsInterop": false
    },
    "@angular/material/bottom-sheet": {
      "src": "../../../../../../node_modules/@angular/material/fesm2022/bottom-sheet.mjs",
      "file": "@angular_material_bottom-sheet.js",
      "fileHash": "a1838d5d",
      "needsInterop": false
    },
    "@angular/material/button": {
      "src": "../../../../../../node_modules/@angular/material/fesm2022/button.mjs",
      "file": "@angular_material_button.js",
      "fileHash": "3f58b250",
      "needsInterop": false
    },
    "@angular/material/icon": {
      "src": "../../../../../../node_modules/@angular/material/fesm2022/icon.mjs",
      "file": "@angular_material_icon.js",
      "fileHash": "0080a0e3",
      "needsInterop": false
    },
    "@angular/material/radio": {
      "src": "../../../../../../node_modules/@angular/material/fesm2022/radio.mjs",
      "file": "@angular_material_radio.js",
      "fileHash": "becd5e6f",
      "needsInterop": false
    },
    "@angular/material/slide-toggle": {
      "src": "../../../../../../node_modules/@angular/material/fesm2022/slide-toggle.mjs",
      "file": "@angular_material_slide-toggle.js",
      "fileHash": "6bd4c862",
      "needsInterop": false
    },
    "@angular/platform-browser": {
      "src": "../../../../../../node_modules/@angular/platform-browser/fesm2022/platform-browser.mjs",
      "file": "@angular_platform-browser.js",
      "fileHash": "6c3cd658",
      "needsInterop": false
    },
    "@angular/platform-server": {
      "src": "../../../../../../node_modules/@angular/platform-server/fesm2022/platform-server.mjs",
      "file": "@angular_platform-server.js",
      "fileHash": "efe85e55",
      "needsInterop": false
    },
    "@angular/router": {
      "src": "../../../../../../node_modules/@angular/router/fesm2022/router.mjs",
      "file": "@angular_router.js",
      "fileHash": "9b939aa0",
      "needsInterop": false
    },
    "@angular/ssr": {
      "src": "../../../../../../node_modules/@angular/ssr/fesm2022/ssr.mjs",
      "file": "@angular_ssr.js",
      "fileHash": "0cbd2103",
      "needsInterop": false
    },
    "@angular/ssr/node": {
      "src": "../../../../../../node_modules/@angular/ssr/fesm2022/node.mjs",
      "file": "@angular_ssr_node.js",
      "fileHash": "8a35dbdc",
      "needsInterop": false
    },
    "@ngxs/devtools-plugin": {
      "src": "../../../../../../node_modules/@ngxs/devtools-plugin/fesm2022/ngxs-devtools-plugin.mjs",
      "file": "@ngxs_devtools-plugin.js",
      "fileHash": "803f5962",
      "needsInterop": false
    },
    "@ngxs/form-plugin": {
      "src": "../../../../../../node_modules/@ngxs/form-plugin/fesm2022/ngxs-form-plugin.mjs",
      "file": "@ngxs_form-plugin.js",
      "fileHash": "dbd957ce",
      "needsInterop": false
    },
    "@ngxs/router-plugin": {
      "src": "../../../../../../node_modules/@ngxs/router-plugin/fesm2022/ngxs-router-plugin.mjs",
      "file": "@ngxs_router-plugin.js",
      "fileHash": "ccf0de60",
      "needsInterop": false
    },
    "@ngxs/storage-plugin": {
      "src": "../../../../../../node_modules/@ngxs/storage-plugin/fesm2022/ngxs-storage-plugin.mjs",
      "file": "@ngxs_storage-plugin.js",
      "fileHash": "be9c904b",
      "needsInterop": false
    },
    "@ngxs/store": {
      "src": "../../../../../../node_modules/@ngxs/store/fesm2022/ngxs-store.mjs",
      "file": "@ngxs_store.js",
      "fileHash": "61a0174b",
      "needsInterop": false
    },
    "express": {
      "src": "../../../../../../node_modules/express/index.js",
      "file": "express.js",
      "fileHash": "7e189593",
      "needsInterop": true
    },
    "leaflet": {
      "src": "../../../../../../node_modules/leaflet/dist/leaflet-src.js",
      "file": "leaflet.js",
      "fileHash": "685eab31",
      "needsInterop": true
    },
    "rxjs": {
      "src": "../../../../../../node_modules/rxjs/dist/cjs/index.js",
      "file": "rxjs.js",
      "fileHash": "85147d76",
      "needsInterop": true
    },
    "tslib": {
      "src": "../../../../../../node_modules/tslib/tslib.es6.mjs",
      "file": "tslib.js",
      "fileHash": "a9e38991",
      "needsInterop": false
    },
    "uuid": {
      "src": "../../../../../../node_modules/uuid/dist/esm/index.js",
      "file": "uuid.js",
      "fileHash": "96278989",
      "needsInterop": false
    }
  },
  "chunks": {
    "xhr2-TXIMV6CV": {
      "file": "xhr2-TXIMV6CV.js"
    },
    "chunk-GXOZHFMR": {
      "file": "chunk-GXOZHFMR.js"
    },
    "chunk-YMXG4JXH": {
      "file": "chunk-YMXG4JXH.js"
    },
    "chunk-KJEVBEMX": {
      "file": "chunk-KJEVBEMX.js"
    },
    "chunk-JO6FBPVX": {
      "file": "chunk-JO6FBPVX.js"
    },
    "chunk-TS44DSNX": {
      "file": "chunk-TS44DSNX.js"
    },
    "chunk-M3OXA2VR": {
      "file": "chunk-M3OXA2VR.js"
    },
    "chunk-FMZ5QBGO": {
      "file": "chunk-FMZ5QBGO.js"
    },
    "chunk-I3JMZEGS": {
      "file": "chunk-I3JMZEGS.js"
    },
    "chunk-JUTL3SMR": {
      "file": "chunk-JUTL3SMR.js"
    },
    "chunk-OQ6MJC3R": {
      "file": "chunk-OQ6MJC3R.js"
    },
    "chunk-ZNRP4P2J": {
      "file": "chunk-ZNRP4P2J.js"
    },
    "chunk-WL7UA4XX": {
      "file": "chunk-WL7UA4XX.js"
    },
    "chunk-4FEB2WLP": {
      "file": "chunk-4FEB2WLP.js"
    },
    "chunk-FL7PJN5A": {
      "file": "chunk-FL7PJN5A.js"
    },
    "chunk-3X5SBF5G": {
      "file": "chunk-3X5SBF5G.js"
    },
    "chunk-3JCEIZ2K": {
      "file": "chunk-3JCEIZ2K.js"
    },
    "chunk-G7ZVP6FA": {
      "file": "chunk-G7ZVP6FA.js"
    },
    "chunk-ELZBIMTQ": {
      "file": "chunk-ELZBIMTQ.js"
    },
    "chunk-AQYIT73X": {
      "file": "chunk-AQYIT73X.js"
    },
    "chunk-YHCV7DAQ": {
      "file": "chunk-YHCV7DAQ.js"
    }
  }
}